img_name,description
1V.jpg,Color Shade #1
2V.jpg,Color Shade #2
3V.jpg,Color Shade #3
4V.jpg,Color Shade #4
5V.jpg,Color Shade #5
6V.jpg,Color Shade #6
7V.jpg,Color Shade #7
8V.jpg,Color Shade #8
9V.jpg,Color Shade #9
10V.jpg,Color Shade #10
11V.jpg,Color Shade #11
12V.jpg,Color Shade #12
13V.jpg,Color Shade #13
14V.jpg,Color Shade #14
15V.jpg,Color Shade #15
16V.jpg,Color Shade #16
17V.jpg,Color Shade #17
18V.jpg,Color Shade #18
19V.jpg,Color Shade #19
20V1.jpg,Color Shade #20
21V.jpg,Color Shade #21
22V.jpg,Color Shade #22
23V1.jpg,Color Shade #23
24V.jpg,Color Shade #24